/*
SQLyog Community v10.3 
MySQL - 5.5.28-log : Database - trapp
*********************************************************************
*/


/*!40101 SET NAMES utf8 */;

/*!40101 SET SQL_MODE=''*/;

/*!40014 SET @OLD_UNIQUE_CHECKS=@@UNIQUE_CHECKS, UNIQUE_CHECKS=0 */;
/*!40014 SET @OLD_FOREIGN_KEY_CHECKS=@@FOREIGN_KEY_CHECKS, FOREIGN_KEY_CHECKS=0 */;
/*!40101 SET @OLD_SQL_MODE=@@SQL_MODE, SQL_MODE='NO_AUTO_VALUE_ON_ZERO' */;
/*!40111 SET @OLD_SQL_NOTES=@@SQL_NOTES, SQL_NOTES=0 */;
USE `mais`;

/*Data for the table `lkp_matchtypes` */

insert  into `lkp_matchtypes`(`MatchType`,`id`,`Official`,`CompetitionType`,`Abbv`) values 
('MLS League',21,1,'League','mls'),
('USL League',27,1,'League','usl'),
('NASL League',28,1,'League','nasl');

/*Data for the table `tbl_games` */

insert  into `tbl_games`(`ID`,`MatchTime`,`MatchTypeID`,`HteamID`,`Hscore`,`AteamID`,`Ascore`,`VenueID`,`Duration`,`Attendance`,`MeanTemperature`,`Precipitation`,`WeatherEvents`,`Notes`) values 
(1,'1996-04-06 00:00:00',21,9,1,3,0,9,90,0,NULL,NULL,'\"\"',NULL),
(2,'1996-04-13 00:00:00',21,2,4,3,0,2,90,0,NULL,NULL,'\"\"',NULL),
(3,'1996-04-13 00:00:00',21,5,3,1,0,5,90,0,NULL,NULL,'\"\"',NULL),
(6,'1996-04-14 00:00:00',21,4,1,9,0,3,90,0,NULL,NULL,'\"\"',NULL),
(4,'1996-04-13 00:00:00',21,6,2,8,1,6,90,0,NULL,NULL,'\"\"',NULL),
(5,'1996-04-13 00:00:00',21,10,3,7,2,10,90,0,NULL,NULL,'\"\"',NULL),
(7,'1996-04-18 00:00:00',21,4,3,5,0,4,90,0,NULL,NULL,'',NULL),
(8,'1996-04-20 00:00:00',21,3,1,6,2,3,90,0,NULL,NULL,'',NULL),
(9,'1996-04-20 00:00:00',21,8,0,7,1,8,90,0,NULL,NULL,'',NULL),
(10,'1996-04-20 00:00:00',21,2,1,10,2,2,90,0,NULL,NULL,'',NULL),
(11,'1996-04-21 00:00:00',21,1,3,4,1,1,90,0,NULL,NULL,'',NULL),
(12,'1996-04-21 00:00:00',21,9,2,5,2,9,90,0,NULL,NULL,'',NULL),
(13,'1996-04-27 00:00:00',21,7,2,3,1,7,90,0,NULL,NULL,'',NULL),
(14,'1996-04-27 00:00:00',21,8,0,2,2,8,90,0,NULL,NULL,'',NULL),
(15,'1996-04-28 00:00:00',21,10,1,4,2,10,90,0,NULL,NULL,'',NULL),
(16,'1996-04-28 00:00:00',21,6,2,9,1,6,90,0,NULL,NULL,'',NULL),
(17,'1996-05-01 00:00:00',21,3,3,4,1,3,90,0,NULL,NULL,'',NULL),
(18,'1996-05-02 00:00:00',21,5,6,2,4,5,90,0,NULL,NULL,'',NULL),
(19,'1996-05-04 00:00:00',21,7,1,9,2,7,90,0,NULL,NULL,'',NULL),
(20,'1996-05-04 00:00:00',21,8,3,10,3,8,90,0,NULL,NULL,'',NULL),
(21,'1996-05-05 00:00:00',21,6,3,3,1,6,90,0,NULL,NULL,'',NULL),
(22,'1996-05-05 00:00:00',21,1,4,5,0,1,90,0,NULL,NULL,'',NULL),
(23,'1996-05-05 00:00:00',21,4,0,2,0,4,90,0,NULL,NULL,'',NULL),
(24,'1996-05-08 00:00:00',21,9,3,1,1,9,90,0,NULL,NULL,'',NULL),
(25,'1996-05-08 00:00:00',21,10,2,5,0,10,90,0,NULL,NULL,'',NULL),
(26,'1996-05-11 00:00:00',21,1,1,10,2,1,90,0,NULL,NULL,'',NULL),
(27,'1996-05-11 00:00:00',21,5,2,4,3,5,90,0,NULL,NULL,'',NULL),
(28,'1996-05-11 00:00:00',21,2,3,7,2,2,90,0,NULL,NULL,'',NULL),
(29,'1996-05-12 00:00:00',21,3,1,8,2,3,90,0,NULL,NULL,'',NULL),
(30,'1996-05-12 00:00:00',21,9,1,6,2,9,90,0,NULL,NULL,'',NULL),
(31,'1996-05-15 00:00:00',21,3,5,2,2,3,90,0,NULL,NULL,'',NULL),
(32,'1996-05-16 00:00:00',21,8,3,1,0,8,90,0,NULL,NULL,'',NULL),
(33,'1996-05-18 00:00:00',21,4,3,3,2,4,90,0,NULL,NULL,'',NULL),
(34,'1996-05-18 00:00:00',21,10,3,9,2,10,90,0,NULL,NULL,'',NULL),
(35,'1996-05-19 00:00:00',21,6,2,5,0,6,90,0,NULL,NULL,'',NULL),
(36,'1996-05-19 00:00:00',21,7,2,8,0,7,90,0,NULL,NULL,'',NULL),
(37,'1996-05-19 00:00:00',21,2,2,1,4,2,90,0,NULL,NULL,'',NULL),
(38,'1996-05-22 00:00:00',21,5,2,8,1,5,90,0,NULL,NULL,'',NULL),
(39,'1996-05-23 00:00:00',21,4,0,10,1,4,90,0,NULL,NULL,'',NULL),
(40,'1996-05-25 00:00:00',21,7,2,1,2,7,90,0,NULL,NULL,'',NULL),
(41,'1996-05-26 00:00:00',21,6,3,2,2,6,90,0,NULL,NULL,'',NULL),
(42,'1996-05-29 00:00:00',21,1,2,4,0,1,90,0,NULL,NULL,'',NULL),
(43,'1996-05-29 00:00:00',21,9,2,5,1,9,90,0,NULL,NULL,'',NULL),
(44,'1996-05-30 00:00:00',21,8,1,3,2,8,90,0,NULL,NULL,'',NULL),
(45,'1996-06-01 00:00:00',21,10,1,6,2,10,90,0,NULL,NULL,'',NULL),
(46,'1996-06-01 00:00:00',21,5,2,7,1,5,90,0,NULL,NULL,'',NULL),
(47,'1996-06-01 00:00:00',21,9,2,2,2,9,90,0,NULL,NULL,'',NULL),
(48,'1996-06-02 00:00:00',21,1,2,3,2,1,90,0,NULL,NULL,'',NULL),
(49,'1996-06-02 00:00:00',21,4,0,8,1,4,90,0,NULL,NULL,'',NULL),
(50,'1996-06-05 00:00:00',21,3,3,9,1,3,90,0,NULL,NULL,'',NULL),
(51,'1996-06-05 00:00:00',21,5,1,10,3,5,90,0,NULL,NULL,'',NULL),
(52,'1996-06-06 00:00:00',21,7,2,6,2,7,90,0,NULL,NULL,'',NULL),
(53,'1996-06-08 00:00:00',21,10,2,1,1,10,90,0,NULL,NULL,'',NULL),
(54,'1996-06-08 00:00:00',21,4,4,9,1,4,90,0,NULL,NULL,'',NULL),
(55,'1996-06-08 00:00:00',21,2,3,5,3,2,90,0,NULL,NULL,'',NULL),
(56,'1996-06-09 00:00:00',21,8,0,6,4,8,90,0,NULL,NULL,'',NULL),
(57,'1996-06-15 00:00:00',21,4,1,1,1,4,90,0,NULL,NULL,'',NULL),
(58,'1996-06-15 00:00:00',21,7,1,5,1,7,90,0,NULL,NULL,'',NULL),
(59,'1996-06-16 00:00:00',21,6,2,10,2,6,90,0,NULL,NULL,'',NULL),
(60,'1996-06-16 00:00:00',21,8,0,9,1,8,90,0,NULL,NULL,'',NULL),
(61,'1996-06-19 00:00:00',21,8,0,4,0,8,90,0,NULL,NULL,'',NULL),
(62,'1996-06-19 00:00:00',21,2,2,1,2,2,90,0,NULL,NULL,'',NULL),
(63,'1996-06-20 00:00:00',21,5,5,3,1,5,90,0,NULL,NULL,'',NULL),
(64,'1996-06-22 00:00:00',21,10,3,2,3,10,90,0,NULL,NULL,'',NULL),
(65,'1996-06-23 00:00:00',21,9,2,3,1,9,90,0,NULL,NULL,'',NULL),
(66,'1996-06-23 00:00:00',21,7,1,4,4,7,90,0,NULL,NULL,'',NULL),
(67,'1996-06-26 00:00:00',21,6,3,1,1,6,90,0,NULL,NULL,'',NULL),
(68,'1996-06-26 00:00:00',21,8,2,5,0,8,90,0,NULL,NULL,'',NULL),
(69,'1996-06-27 00:00:00',21,7,1,2,1,7,90,0,NULL,NULL,'',NULL),
(70,'1996-06-29 00:00:00',21,4,0,5,1,4,90,0,NULL,NULL,'',NULL),
(71,'1996-06-30 00:00:00',21,3,3,7,1,3,90,0,NULL,NULL,'',NULL),
(72,'1996-06-30 00:00:00',21,1,2,6,1,1,90,0,NULL,NULL,'',NULL),
(73,'1996-06-30 00:00:00',21,9,4,10,0,9,90,0,NULL,NULL,'',NULL),
(74,'1996-06-30 00:00:00',21,2,0,8,4,2,90,0,NULL,NULL,'',NULL),
(75,'1996-07-04 00:00:00',21,4,1,3,1,4,90,0,NULL,NULL,'',NULL),
(76,'1996-07-04 00:00:00',21,1,2,8,1,1,90,0,NULL,NULL,'',NULL),
(77,'1996-07-04 00:00:00',21,6,0,7,1,6,90,0,NULL,NULL,'',NULL),
(78,'1996-07-04 00:00:00',21,10,4,2,1,10,90,0,NULL,NULL,'',NULL),
(79,'1996-07-06 00:00:00',21,5,3,6,1,5,90,0,NULL,NULL,'',NULL),
(80,'1996-07-06 00:00:00',21,9,1,7,2,9,90,0,NULL,NULL,'',NULL),
(81,'1996-07-07 00:00:00',21,3,6,4,1,3,90,0,NULL,NULL,'',NULL),
(82,'1996-07-07 00:00:00',21,1,2,2,1,1,90,0,NULL,NULL,'',NULL),
(83,'1996-07-10 00:00:00',21,5,2,1,0,5,90,0,NULL,NULL,'',NULL),
(84,'1996-07-10 00:00:00',21,8,3,4,2,8,90,0,NULL,NULL,'',NULL),
(85,'1996-07-11 00:00:00',21,2,1,7,1,2,90,0,NULL,NULL,'',NULL),
(86,'1996-07-12 00:00:00',21,3,1,10,0,3,90,0,NULL,NULL,'',NULL),
(87,'1996-07-17 00:00:00',21,1,1,9,2,1,90,0,NULL,NULL,'',NULL),
(88,'1996-07-17 00:00:00',21,4,5,6,2,4,90,0,NULL,NULL,'',NULL),
(89,'1996-07-18 00:00:00',21,10,3,5,2,10,90,0,NULL,NULL,'',NULL),
(90,'1996-07-20 00:00:00',21,7,2,3,0,7,90,0,NULL,NULL,'',NULL),
(91,'1996-07-20 00:00:00',21,5,1,4,2,5,90,0,NULL,NULL,'',NULL),
(92,'1996-07-20 00:00:00',21,2,3,9,4,2,90,0,NULL,NULL,'',NULL),
(93,'1996-07-21 00:00:00',21,1,1,10,3,1,90,0,NULL,NULL,'',NULL),
(94,'1996-07-21 00:00:00',21,6,3,8,0,6,90,0,NULL,NULL,'',NULL),
(95,'1996-07-24 00:00:00',21,1,2,7,0,1,90,0,NULL,NULL,'',NULL),
(96,'1996-07-24 00:00:00',21,9,0,8,1,9,90,0,NULL,NULL,'',NULL),
(97,'1996-07-25 00:00:00',21,2,1,10,0,2,90,0,NULL,NULL,'',NULL),
(98,'1996-07-27 00:00:00',21,4,3,1,0,4,90,0,NULL,NULL,'',NULL),
(99,'1996-07-27 00:00:00',21,10,4,6,3,10,90,0,NULL,NULL,'',NULL),
(100,'1996-07-27 00:00:00',21,5,4,7,2,5,90,0,NULL,NULL,'',NULL),
(101,'1996-07-28 00:00:00',21,8,4,9,1,8,90,0,NULL,NULL,'',NULL),
(102,'1996-07-28 00:00:00',21,3,2,2,0,3,90,0,NULL,NULL,'',NULL),
(103,'1996-07-31 00:00:00',21,3,2,5,3,3,90,0,NULL,NULL,'',NULL),
(104,'1996-07-31 00:00:00',21,7,2,9,0,7,90,0,NULL,NULL,'',NULL),
(105,'1996-07-31 00:00:00',21,2,1,4,2,2,90,0,NULL,NULL,'',NULL),
(106,'1996-08-01 00:00:00',21,1,2,6,2,1,90,0,NULL,NULL,'',NULL),
(107,'1996-08-03 00:00:00',21,10,3,1,1,10,90,0,NULL,NULL,'',NULL),
(108,'1996-08-03 00:00:00',21,7,1,8,1,7,90,0,NULL,NULL,'',NULL),
(109,'1996-08-04 00:00:00',21,3,2,5,4,3,90,0,NULL,NULL,'',NULL),
(110,'1996-08-04 00:00:00',21,6,1,2,1,6,90,0,NULL,NULL,'',NULL),
(111,'1996-08-07 00:00:00',21,10,1,3,3,10,90,0,NULL,NULL,'',NULL),
(112,'1996-08-07 00:00:00',21,1,4,5,2,1,90,0,NULL,NULL,'',NULL),
(113,'1996-08-08 00:00:00',21,6,1,7,0,6,90,0,NULL,NULL,'',NULL),
(114,'1996-08-10 00:00:00',21,4,2,10,1,4,90,0,NULL,NULL,'',NULL),
(115,'1996-08-10 00:00:00',21,2,3,3,2,2,90,0,NULL,NULL,'',NULL),
(116,'1996-08-11 00:00:00',21,1,0,8,2,1,90,0,NULL,NULL,'',NULL),
(117,'1996-08-11 00:00:00',21,5,2,6,2,5,90,0,NULL,NULL,'',NULL),
(118,'1996-08-11 00:00:00',21,9,6,7,1,9,90,0,NULL,NULL,'',NULL),
(119,'1996-08-14 00:00:00',21,8,4,7,0,8,90,0,NULL,NULL,'',NULL),
(120,'1996-08-14 00:00:00',21,4,2,2,2,4,90,0,NULL,NULL,'',NULL),
(121,'1996-08-15 00:00:00',21,5,4,9,1,5,90,0,NULL,NULL,'',NULL),
(122,'1996-08-16 00:00:00',21,7,2,1,0,7,90,0,NULL,NULL,'',NULL),
(123,'1996-08-17 00:00:00',21,10,3,8,1,10,90,0,NULL,NULL,'',NULL),
(124,'1996-08-18 00:00:00',21,3,2,6,1,3,90,0,NULL,NULL,'',NULL),
(125,'1996-08-18 00:00:00',21,2,2,9,0,2,90,0,NULL,NULL,'',NULL),
(126,'1996-08-21 00:00:00',21,8,2,3,3,8,90,0,NULL,NULL,'',NULL),
(127,'1996-08-21 00:00:00',21,6,1,5,1,6,90,0,NULL,NULL,'',NULL),
(128,'1996-08-21 00:00:00',21,7,4,10,2,7,90,0,NULL,NULL,'',NULL),
(129,'1996-08-22 00:00:00',21,9,0,4,0,9,90,0,NULL,NULL,'',NULL),
(130,'1996-08-24 00:00:00',21,2,2,5,1,2,90,0,NULL,NULL,'',NULL),
(131,'1996-08-25 00:00:00',21,3,3,10,0,3,90,0,NULL,NULL,'',NULL),
(132,'1996-08-25 00:00:00',21,9,1,1,0,9,90,0,NULL,NULL,'',NULL),
(133,'1996-08-25 00:00:00',21,6,2,4,3,6,90,0,NULL,NULL,'',NULL),
(134,'1996-08-28 00:00:00',21,2,2,6,0,2,90,0,NULL,NULL,'',NULL),
(135,'1996-08-29 00:00:00',21,1,1,3,2,1,90,0,NULL,NULL,'',NULL),
(136,'1996-08-31 00:00:00',21,10,3,7,1,10,90,0,NULL,NULL,'',NULL),
(137,'1996-09-01 00:00:00',21,9,1,6,1,9,90,0,NULL,NULL,'',NULL),
(138,'1996-09-01 00:00:00',21,5,2,8,2,5,90,0,NULL,NULL,'',NULL),
(139,'1996-09-04 00:00:00',21,7,2,4,1,7,90,0,NULL,NULL,'',NULL),
(140,'1996-09-04 00:00:00',21,8,0,10,2,8,90,0,NULL,NULL,'',NULL),
(141,'1996-09-05 00:00:00',21,6,0,1,0,6,90,0,NULL,NULL,'',NULL),
(142,'1996-09-06 00:00:00',21,3,1,8,2,3,90,0,NULL,NULL,'',NULL),
(143,'1996-09-07 00:00:00',21,4,0,7,2,4,90,0,NULL,NULL,'',NULL),
(144,'1996-09-07 00:00:00',21,5,1,2,5,5,90,0,NULL,NULL,'',NULL),
(145,'1996-09-08 00:00:00',21,1,1,9,3,1,90,0,NULL,NULL,'',NULL),
(146,'1996-09-10 00:00:00',21,8,3,6,1,8,90,0,NULL,NULL,'',NULL),
(147,'1996-09-11 00:00:00',21,9,2,4,2,9,90,0,NULL,NULL,'',NULL),
(148,'1996-09-12 00:00:00',21,7,1,10,2,7,90,0,NULL,NULL,'',NULL),
(149,'1996-09-14 00:00:00',21,10,2,3,0,10,90,0,NULL,NULL,'',NULL),
(150,'1996-09-15 00:00:00',21,6,4,9,2,6,90,0,NULL,NULL,'',NULL),
(151,'1996-09-15 00:00:00',21,2,2,8,0,2,90,0,NULL,NULL,'',NULL),
(152,'1996-09-17 00:00:00',21,3,3,7,2,3,90,0,NULL,NULL,'',NULL),
(153,'1996-09-18 00:00:00',21,9,1,10,1,9,90,0,NULL,NULL,'',NULL),
(154,'1996-09-18 00:00:00',21,8,1,2,0,8,90,0,NULL,NULL,'',NULL),
(155,'1996-09-19 00:00:00',21,4,1,6,2,4,90,0,NULL,NULL,'',NULL),
(156,'1996-09-21 00:00:00',21,3,3,1,1,3,90,0,NULL,NULL,'',NULL),
(157,'1996-09-21 00:00:00',21,10,4,8,1,10,90,0,NULL,NULL,'',NULL),
(158,'1996-09-21 00:00:00',21,5,0,9,0,5,90,0,NULL,NULL,'',NULL),
(159,'1996-09-21 00:00:00',21,7,0,2,1,7,90,0,NULL,NULL,'',NULL),
(160,'1996-09-22 00:00:00',21,6,2,4,1,6,90,0,NULL,NULL,'',NULL);

/*Data for the table `tbl_teams` */

insert  into `tbl_teams`(`ID`,`teamname`,`team3ltr`) values (1,'Colorado Rapids','COL');
insert  into `tbl_teams`(`ID`,`teamname`,`team3ltr`) values (2,'Columbus Crew','CLB');
insert  into `tbl_teams`(`ID`,`teamname`,`team3ltr`) values (3,'D.C. United','DC');
insert  into `tbl_teams`(`ID`,`teamname`,`team3ltr`) values (4,'Dallas Burn','DAL');
insert  into `tbl_teams`(`ID`,`teamname`,`team3ltr`) values (5,'Kansas City Wiz','KC');
insert  into `tbl_teams`(`ID`,`teamname`,`team3ltr`) values (6,'Los Angeles Galaxy','LA');
insert  into `tbl_teams`(`ID`,`teamname`,`team3ltr`) values (7,'New England Revolution','NE');
insert  into `tbl_teams`(`ID`,`teamname`,`team3ltr`) values (8,'NY/NJ Metrostars','NY');
insert  into `tbl_teams`(`ID`,`teamname`,`team3ltr`) values (9,'San Jose Clash','SJ');
insert  into `tbl_teams`(`ID`,`teamname`,`team3ltr`) values (10,'Tampa Bay Mutiny','TB');


/*!40101 SET SQL_MODE=@OLD_SQL_MODE */;
/*!40014 SET FOREIGN_KEY_CHECKS=@OLD_FOREIGN_KEY_CHECKS */;
/*!40014 SET UNIQUE_CHECKS=@OLD_UNIQUE_CHECKS */;
/*!40111 SET SQL_NOTES=@OLD_SQL_NOTES */;
